image_path,design_id,colorway_id,is_singleton,width,height,aspect_ratio
sarees_dataset/handloom_sarees/img_37489.jpg,Design_001,Design_001_C02,False,919,919,1.0
sarees_dataset/handloom_sarees/img_386972.jpg,Design_001,Design_001_C03,False,589,590,1.0
sarees_dataset/handloom_sarees/img_519993.jpg,Design_001,Design_001_C04,False,589,589,1.0
sarees_dataset/handloom_sarees/img_524137.jpg,Design_001,Design_001_C05,False,919,919,1.0
sarees_dataset/handloom_sarees/img_602896.jpg,Design_001,Design_001_C06,False,590,589,1.0
sarees_dataset/handloom_sarees/img_987571.jpg,Design_001,Design_001_C07,False,918,918,1.0
sarees_dataset/handloom_sarees/img_987632.jpg,Design_001,Design_001_C08,False,919,919,1.0
sarees_dataset/handloom_sarees/img_354459.jpg,Design_002,Design_002_C02,False,1511,1512,1.0
sarees_dataset/handloom_sarees/img_447852.jpg,Design_002,Design_002_C03,False,1511,1512,1.0
sarees_dataset/handloom_sarees/img_884336.jpg,Design_002,Design_002_C04,False,1512,1512,1.0
sarees_dataset/handloom_sarees/img_960789.jpg,Design_002,Design_002_C05,False,1512,1512,1.0
sarees_dataset/handloom_sarees/img_399807.jpg,Design_003,Design_003_C02,False,1185,1185,1.0
sarees_dataset/handloom_sarees/img_445986.jpg,Design_003,Design_003_C03,False,1186,1185,1.0
sarees_dataset/handloom_sarees/img_744464.jpg,Design_003,Design_003_C04,False,1185,1186,1.0
sarees_dataset/handloom_sarees/img_748887.jpg,Design_003,Design_003_C05,False,1186,1186,1.0
sarees_dataset/handloom_sarees/img_489839.jpg,Design_004,Design_004_C02,False,1260,1259,1.0
sarees_dataset/handloom_sarees/img_694883.jpg,Design_004,Design_004_C03,False,1259,1260,1.0
sarees_dataset/handloom_sarees/img_789127.jpg,Design_004,Design_004_C04,False,1259,1259,1.0
sarees_dataset/handloom_sarees/img_90832.jpg,Design_004,Design_004_C05,False,1260,1260,1.0
sarees_dataset/handloom_sarees/img_417511.jpg,Design_005,Design_005_C02,False,1367,1367,1.0
sarees_dataset/handloom_sarees/img_65263.jpg,Design_005,Design_005_C03,False,1368,1367,1.0
sarees_dataset/handloom_sarees/img_678193.jpg,Design_005,Design_005_C04,False,1367,1367,1.0
sarees_dataset/handloom_sarees/img_82256.jpg,Design_005,Design_005_C05,False,1368,1367,1.0
sarees_dataset/handloom_sarees/img_270633.jpg,Design_006,Design_006_C02,False,875,875,1.0
sarees_dataset/handloom_sarees/img_667809.jpg,Design_006,Design_006_C03,False,874,874,1.0
sarees_dataset/handloom_sarees/img_881252.jpg,Design_006,Design_006_C04,False,874,875,1.0
sarees_dataset/handloom_sarees/img_915919.jpg,Design_006,Design_006_C05,False,875,875,1.0
sarees_dataset/handloom_sarees/img_277936.jpg,Design_007,Design_007_C02,False,1285,1286,1.0
sarees_dataset/handloom_sarees/img_289910.jpg,Design_007,Design_007_C03,False,1285,1286,1.0
sarees_dataset/handloom_sarees/img_475101.jpg,Design_007,Design_007_C04,False,1285,1286,1.0
sarees_dataset/handloom_sarees/img_578936.jpg,Design_007,Design_007_C05,False,1286,1286,1.0
sarees_dataset/handloom_sarees/img_275183.jpg,Design_008,Design_008_C02,False,485,485,1.0
sarees_dataset/handloom_sarees/img_40145.jpg,Design_008,Design_008_C03,False,486,485,1.0
sarees_dataset/handloom_sarees/img_556574.jpg,Design_008,Design_008_C04,False,485,485,1.0
sarees_dataset/handloom_sarees/img_7150.jpg,Design_008,Design_008_C05,False,485,486,1.0
sarees_dataset/handloom_sarees/img_385960.jpg,Design_009,Design_009_C02,False,708,707,1.0
sarees_dataset/handloom_sarees/img_718326.jpg,Design_009,Design_009_C03,False,708,708,1.0
sarees_dataset/handloom_sarees/img_874118.jpg,Design_009,Design_009_C04,False,708,707,1.0
sarees_dataset/handloom_sarees/img_917853.jpg,Design_009,Design_009_C05,False,708,708,1.0
sarees_dataset/handloom_sarees/img_153688.jpg,Design_010,Design_010_C02,False,631,631,1.0
sarees_dataset/handloom_sarees/img_246391.jpg,Design_010,Design_010_C03,False,632,631,1.0
sarees_dataset/handloom_sarees/img_442389.jpg,Design_010,Design_010_C04,False,632,632,1.0
sarees_dataset/handloom_sarees/img_741740.jpg,Design_010,Design_010_C05,False,631,631,1.0
sarees_dataset/handloom_sarees/img_339968.jpg,Design_011,Design_011_C02,False,985,986,1.0
sarees_dataset/handloom_sarees/img_764354.jpg,Design_011,Design_011_C03,False,985,985,1.0
sarees_dataset/handloom_sarees/img_961476.jpg,Design_011,Design_011_C04,False,986,986,1.0
sarees_dataset/handloom_sarees/img_978752.jpg,Design_011,Design_011_C05,False,985,985,1.0
sarees_dataset/handloom_sarees/img_239226.jpg,Design_012,Design_012_C02,False,908,908,1.0
sarees_dataset/handloom_sarees/img_364174.jpg,Design_012,Design_012_C03,False,908,907,1.0
sarees_dataset/handloom_sarees/img_67123.jpg,Design_012,Design_012_C04,False,908,907,1.0
sarees_dataset/handloom_sarees/img_927947.jpg,Design_012,Design_012_C05,False,908,907,1.0
sarees_dataset/handloom_sarees/img_429922.jpg,Design_013,Design_013_C02,False,642,642,1.0
sarees_dataset/handloom_sarees/img_565213.jpg,Design_013,Design_013_C03,False,641,641,1.0
sarees_dataset/handloom_sarees/img_927463.jpg,Design_013,Design_013_C04,False,641,641,1.0
sarees_dataset/handloom_sarees/img_955789.jpg,Design_013,Design_013_C05,False,641,641,1.0
sarees_dataset/handloom_sarees/img_341437.jpg,Design_014,Design_014_C02,False,1376,1376,1.0
sarees_dataset/handloom_sarees/img_541390.jpg,Design_014,Design_014_C03,False,1376,1376,1.0
sarees_dataset/handloom_sarees/img_635895.jpg,Design_014,Design_014_C04,False,1375,1376,1.0
sarees_dataset/handloom_sarees/img_834923.jpg,Design_014,Design_014_C05,False,1375,1376,1.0
sarees_dataset/handloom_sarees/img_369469.jpg,Design_015,Design_015_C02,False,656,655,1.0
sarees_dataset/handloom_sarees/img_540343.jpg,Design_015,Design_015_C03,False,656,656,1.0
sarees_dataset/handloom_sarees/img_61951.jpg,Design_015,Design_015_C04,False,656,655,1.0
sarees_dataset/handloom_sarees/img_642784.jpg,Design_015,Design_015_C05,False,656,656,1.0
sarees_dataset/handloom_sarees/img_638094.jpg,Design_016,Design_016_C02,False,590,589,1.0
sarees_dataset/handloom_sarees/img_828414.jpg,Design_016,Design_016_C03,False,589,589,1.0
sarees_dataset/handloom_sarees/img_85121.jpg,Design_016,Design_016_C04,False,590,589,1.0
sarees_dataset/handloom_sarees/img_892336.jpg,Design_016,Design_016_C05,False,589,589,1.0
sarees_dataset/handloom_sarees/img_578081.jpg,Design_017,Design_017_C02,False,493,493,1.0
sarees_dataset/handloom_sarees/img_688109.jpg,Design_017,Design_017_C03,False,493,493,1.0
sarees_dataset/handloom_sarees/img_746861.jpg,Design_017,Design_017_C04,False,494,493,1.0
sarees_dataset/handloom_sarees/img_966256.jpg,Design_017,Design_017_C05,False,494,493,1.0
sarees_dataset/handloom_sarees/img_120749.jpg,Design_018,Design_018_C02,False,1511,1512,1.0
sarees_dataset/handloom_sarees/img_48825.jpg,Design_018,Design_018_C03,False,1511,1512,1.0
sarees_dataset/handloom_sarees/img_678178.jpg,Design_018,Design_018_C04,False,1512,1512,1.0
sarees_dataset/handloom_sarees/img_307484.jpg,Design_019,Design_019_C02,False,893,893,1.0
sarees_dataset/handloom_sarees/img_325344.jpg,Design_019,Design_019_C03,False,893,893,1.0
sarees_dataset/handloom_sarees/img_478598.jpg,Design_019,Design_019_C04,False,894,894,1.0
sarees_dataset/handloom_sarees/img_526657.jpg,Design_020,Design_020_C02,False,553,553,1.0
sarees_dataset/handloom_sarees/img_5447.jpg,Design_020,Design_020_C03,False,554,554,1.0
sarees_dataset/handloom_sarees/img_897203.jpg,Design_020,Design_020_C04,False,553,553,1.0
sarees_dataset/handloom_sarees/img_411083.jpg,Design_021,Design_021_C02,False,730,730,1.0
sarees_dataset/handloom_sarees/img_738703.jpg,Design_021,Design_021_C03,False,730,730,1.0
sarees_dataset/handloom_sarees/img_257108.jpg,Design_022,Design_022_C02,False,610,610,1.0
sarees_dataset/handloom_sarees/img_845893.jpg,Design_022,Design_022_C03,False,610,610,1.0
sarees_dataset/handloom_sarees/img_2469.jpg,Design_023,Design_023_C02,False,642,641,1.0
sarees_dataset/handloom_sarees/img_804542.jpg,Design_023,Design_023_C03,False,641,641,1.0
sarees_dataset/handloom_sarees/img_55880.jpg,Design_024,Design_024_C02,False,629,629,1.0
sarees_dataset/handloom_sarees/img_649782.jpg,Design_024,Design_024_C03,False,630,630,1.0
sarees_dataset/handloom_sarees/img_635738.jpg,Design_025,Design_025_C02,False,1085,1085,1.0
sarees_dataset/handloom_sarees/img_68235.jpg,Design_025,Design_025_C03,False,1085,1086,1.0
sarees_dataset/handloom_sarees/img_822729.jpg,Design_026,Design_026_C02,False,581,581,1.0
sarees_dataset/handloom_sarees/img_648754.jpg,Design_027,Design_027_C02,False,598,598,1.0
sarees_dataset/handloom_sarees/img_982056.jpg,Design_028,Design_028_C02,False,567,567,1.0
sarees_dataset/handloom_sarees/img_106019.jpg,Design_029,Design_029_C01,True,589,589,1.0
sarees_dataset/handloom_sarees/img_142355.jpg,Design_030,Design_030_C01,True,1511,1512,1.0
sarees_dataset/handloom_sarees/img_172154.jpg,Design_031,Design_031_C01,True,471,470,1.0
sarees_dataset/handloom_sarees/img_187840.jpg,Design_032,Design_032_C01,True,471,471,1.0
sarees_dataset/handloom_sarees/img_232079.jpg,Design_033,Design_033_C01,True,1085,1085,1.0
sarees_dataset/handloom_sarees/img_259893.jpg,Design_034,Design_034_C01,True,664,885,0.75
sarees_dataset/handloom_sarees/img_261444.jpg,Design_035,Design_035_C01,True,610,610,1.0
sarees_dataset/handloom_sarees/img_316470.jpg,Design_036,Design_036_C01,True,662,662,1.0
sarees_dataset/handloom_sarees/img_32852.jpg,Design_037,Design_037_C01,True,642,641,1.0
sarees_dataset/handloom_sarees/img_346343.jpg,Design_038,Design_038_C01,True,1086,1085,1.0
sarees_dataset/handloom_sarees/img_357974.jpg,Design_039,Design_039_C01,True,662,662,1.0
sarees_dataset/handloom_sarees/img_366604.jpg,Design_040,Design_040_C01,True,662,662,1.0
sarees_dataset/handloom_sarees/img_381577.jpg,Design_041,Design_041_C01,True,610,610,1.0
sarees_dataset/handloom_sarees/img_393000.jpg,Design_042,Design_042_C01,True,567,567,1.0
sarees_dataset/handloom_sarees/img_403289.jpg,Design_043,Design_043_C01,True,226,226,1.0
sarees_dataset/handloom_sarees/img_413996.jpg,Design_044,Design_044_C01,True,598,598,1.0
sarees_dataset/handloom_sarees/img_433250.jpg,Design_045,Design_045_C01,True,227,227,1.0
sarees_dataset/handloom_sarees/img_450212.jpg,Design_046,Design_046_C01,True,598,598,1.0
sarees_dataset/handloom_sarees/img_458235.jpg,Design_047,Design_047_C01,True,227,227,1.0
sarees_dataset/handloom_sarees/img_475851.jpg,Design_048,Design_048_C01,True,582,582,1.0
sarees_dataset/handloom_sarees/img_529952.jpg,Design_049,Design_049_C01,True,664,885,0.75
sarees_dataset/handloom_sarees/img_568910.jpg,Design_050,Design_050_C01,True,730,730,1.0
sarees_dataset/handloom_sarees/img_583723.jpg,Design_051,Design_051_C01,True,629,629,1.0
sarees_dataset/handloom_sarees/img_586052.jpg,Design_052,Design_052_C01,True,590,589,1.0
sarees_dataset/handloom_sarees/img_586537.jpg,Design_053,Design_053_C01,True,629,629,1.0
sarees_dataset/handloom_sarees/img_590289.jpg,Design_054,Design_054_C01,True,471,471,1.0
sarees_dataset/handloom_sarees/img_591020.jpg,Design_055,Design_055_C01,True,662,662,1.0
sarees_dataset/handloom_sarees/img_632748.jpg,Design_056,Design_056_C01,True,227,227,1.0
sarees_dataset/handloom_sarees/img_635336.jpg,Design_057,Design_057_C01,True,598,598,1.0
sarees_dataset/handloom_sarees/img_636938.jpg,Design_058,Design_058_C01,True,567,567,1.0
sarees_dataset/handloom_sarees/img_643949.jpg,Design_059,Design_059_C01,True,664,886,0.75
sarees_dataset/handloom_sarees/img_669675.jpg,Design_060,Design_060_C01,True,730,730,1.0
sarees_dataset/handloom_sarees/img_677180.jpg,Design_061,Design_061_C01,True,470,471,1.0
sarees_dataset/handloom_sarees/img_710186.jpg,Design_062,Design_062_C01,True,471,470,1.0
sarees_dataset/handloom_sarees/img_726717.jpg,Design_063,Design_063_C01,True,582,581,1.0
sarees_dataset/handloom_sarees/img_770334.jpg,Design_064,Design_064_C01,True,664,885,0.75
sarees_dataset/handloom_sarees/img_776505.jpg,Design_065,Design_065_C01,True,581,582,1.0
sarees_dataset/handloom_sarees/img_801823.jpg,Design_066,Design_066_C01,True,664,886,0.75
sarees_dataset/handloom_sarees/img_808059.jpg,Design_067,Design_067_C01,True,227,227,1.0
sarees_dataset/handloom_sarees/img_86754.jpg,Design_068,Design_068_C01,True,553,553,1.0
sarees_dataset/handloom_sarees/img_889324.jpg,Design_069,Design_069_C01,True,567,567,1.0
sarees_dataset/handloom_sarees/img_895368.jpg,Design_070,Design_070_C01,True,641,641,1.0
sarees_dataset/handloom_sarees/img_94825.jpg,Design_071,Design_071_C01,True,662,662,1.0
sarees_dataset/handloom_sarees/img_981759.jpg,Design_072,Design_072_C01,True,893,893,1.0
